<assembly>
	<!-- <id>${project.artifactId}-${project.version}-${maven.build.timestamp}</id> -->
	<formats>
		<format>tar.gz</format>
	</formats>
	<includeBaseDirectory>false</includeBaseDirectory>
	<fileSets>
	<fileSet>
			<directory>hdfs</directory>
			<outputDirectory>hdfs</outputDirectory>
		</fileSet>
		<fileSet>
			<directory>hive</directory>
			<outputDirectory>hive</outputDirectory>
		</fileSet>				
		<fileSet>
			<directory>ReDiEnv</directory>
			<outputDirectory>ReDiEnv</outputDirectory>
		</fileSet>				
		<fileSet>
			<directory>ReDi</directory>
			<outputDirectory>ReDi</outputDirectory>
			<includes>
				<include>**/target/*.jar</include>
			</includes>
		</fileSet>
		<fileSet>
			<directory>Shell</directory>
			<outputDirectory>Shell</outputDirectory>
		</fileSet>
		<fileSet>
            <directory>jobs</directory>
            <outputDirectory>scripts</outputDirectory>
		</fileSet>
		<fileSet>
			<directory>sqoop</directory>
			<outputDirectory>sqoop</outputDirectory>
		</fileSet>
		<fileSet>
			<directory>metadata</directory>
			<outputDirectory>metadata</outputDirectory>
		</fileSet>
		<fileSet>
			<directory>ReDi_Jobs</directory>
			<outputDirectory>ReDi_Jobs</outputDirectory>
		</fileSet>
	</fileSets>
	
</assembly>
