<?xml version="1.0" encoding="UTF-8"?>
<Configuration status="INFO">
    <Appenders>
        <File name="Log" fileName="/tmp/log/redi.log">
            <PatternLayout>
                <Pattern>%d{MM-dd-YYYY HH:mm:ss.SSS} [%t] %-5level %C{1} - %msg%n</Pattern>
            </PatternLayout>
        </File>
        <Console name="Console" target="SYSTEM_OUT">
            <PatternLayout pattern="%d{MM-dd-YYYY HH:mm:ss.SSS} [%t] %-5level %C{1} - %msg%n"/>
        </Console>
    </Appenders>
    <Loggers>
        <Root level="INFO">
            <AppenderRef ref="Console"/>
        </Root>
    </Loggers>
</Configuration>